commune,departement,nom_officiel,code_insee,lat,lon,codes_postaux
Frontignan,34,Frontignan,34108,43.4486,3.7493,34110
Saint-Clément-de-Rivière,34,Saint-Clément-de-Rivière,34247,43.6831,3.8447,34980
Nîmes,30,Nîmes,30189,43.8322,4.3429,30000|30900
Lattes,34,Lattes,34129,43.567,3.899,34970
Pérols,34,Pérols,34198,43.5609,3.9512,34470
Mèze,34,Mèze,34157,43.4323,3.5843,34140
Prades-le-Lez,34,Prades-le-Lez,34217,43.7079,3.8648,34730
Mauguio,34,Mauguio,34154,43.5915,4.0128,34130
Montpellier,34,Montpellier,34172,43.61,3.8742,34000|34070|34080|34090
Vendargues,34,Vendargues,34327,43.6624,3.9657,34740
Clermont-l'Hérault,34,Clermont-l'Hérault,34079,43.6323,3.4017,34800
Grabels,34,Grabels,34116,43.6503,3.7894,34790
La Grande-Motte,34,La Grande-Motte,34344,43.571,4.072,34280
Montpellier,,Montpellier,34172,43.61,3.8742,34000|34070|34080|34090
Le Puech,34,Le Puech,34220,43.6841,3.3286,34700
Vias,34,Vias,34332,43.3091,3.3948,34450
Lunel,34,Lunel,34145,43.678,4.1329,34400
Castelnau-le-Lez,34,Castelnau-le-Lez,34057,43.6372,3.9113,34170
Saint-Gély-du-Fesc,34,Saint-Gély-du-Fesc,34255,43.6897,3.81,34980
Saint-Jean-de-Védas,34,Saint-Jean-de-Védas,34270,43.5732,3.8329,34430
Clapiers,34,Clapiers,34077,43.666,3.8848,34830
Béziers,34,Béziers,34032,43.3481,3.2342,34500
Fabrègues,34,Fabrègues,34095,43.5312,3.7737,34690
Le Crès,34,Le Crès,34090,43.6513,3.9343,34920
Sérignan,34,Sérignan,34299,43.271,3.3011,34410
Gignac,34,Gignac,34114,43.6416,3.5661,34150
Gigean,34,Gigean,34113,43.4953,3.7242,34770
Balaruc-les-Bains,34,Balaruc-les-Bains,34023,43.4476,3.6922,34540
Bélarga,34,Bélarga,34029,43.5547,3.5001,34230
Popian,34,Popian,34208,43.6233,3.534,34230
Canet,34,Canet,34051,43.5992,3.4821,34800
Soumont,34,Soumont,34306,43.7237,3.3507,34700
Vauvert,30,Vauvert,30341,43.626,4.3103,30600
Villeneuve-lès-Maguelone,34,Villeneuve-lès-Maguelone,34337,43.5119,3.8589,34750
Palavas-les-Flots,34,Palavas-les-Flots,34192,43.5323,3.9346,34250
Saint-Drézéry,34,Saint-Drézéry,34249,43.7308,3.9764,34160
Pézenas,34,Pézenas,34199,43.4616,3.418,34120
Montblanc,34,Montblanc,34166,43.3775,3.3569,34290
Lézignan-la-Cèbe,34,Lézignan-la-Cèbe,34136,43.4923,3.4405,34120
Aniane,34,Aniane,34010,43.686,3.5911,34150
Montbazin,34,Montbazin,34165,43.5325,3.6694,34560
Valergues,34,Valergues,34321,43.6718,4.0572,34130
Cournonterral,34,Cournonterral,34088,43.5712,3.7072,34660
Teyran,34,Teyran,34309,43.688,3.9258,34820
Les Matelles,34,Les Matelles,34153,43.7281,3.8083,34270
Lodève,34,Lodève,34142,43.7296,3.2949,34700
Marsillargues,34,Marsillargues,34151,43.6376,4.1346,34590
Codognan,30,Codognan,30083,43.7228,4.2293,30920
Saint-Thibéry,34,Saint-Thibéry,34289,43.3931,3.3939,34630
Pinet,34,Pinet,34203,43.4099,3.5149,34850
Montarnaud,34,Montarnaud,34163,43.648,3.7053,34570
Sète,34,Sète,34301,43.3844,3.6441,34200
Saint-Aunès,34,Saint-Aunès,34240,43.6341,3.97,34130
